{
    "train_mse": [
        0.0380594,
        0.0267355,
        0.0140055,
        0.0139625,
        0.013347,
        0.0126722,
        0.0109094,
        0.0099705,
        0.009615,
        0.0096454,
        0.008767,
        0.0079297,
        0.0077081,
        0.0081575,
        0.0074229,
        0.0072533,
        0.0072452,
        0.0072989,
        0.007412,
        0.0072258,
        0.0070947,
        0.0070975,
        0.0070601,
        0.006804,
        0.0068168,
        0.0068584,
        0.006556,
        0.0066592,
        0.0066831,
        0.0065563,
        0.0066708,
        0.0064792,
        0.0065159,
        0.0065421,
        0.0065721,
        0.0063797,
        0.0064248,
        0.0066123,
        0.0064477,
        0.0072049,
        0.0063872,
        0.0062994,
        0.0065169,
        0.0067475,
        0.0065552,
        0.0061415,
        0.0062529,
        0.0075063,
        0.0062314,
        0.0060858,
        0.0058105,
        0.0057103,
        0.0059794,
        0.0060684,
        0.0066364,
        0.0059536,
        0.0055202,
        0.0053695,
        0.0052764,
        0.0049355,
        0.0049456,
        0.0053497,
        0.0049031,
        0.0046841,
        0.0048722,
        0.0054772,
        0.0046906,
        0.004285,
        0.0048212,
        0.0044037,
        0.0043931,
        0.0037023,
        0.0035213,
        0.0036045,
        0.0030936,
        0.0039613,
        0.0041447,
        0.0036225,
        0.0029814,
        0.0028149,
        0.003199,
        0.0027673,
        0.0034173,
        0.0027407,
        0.0029356,
        0.0045054,
        0.0032548,
        0.0030456,
        0.0030667,
        0.0034184,
        0.0027625,
        0.0025873,
        0.0025838,
        0.0026464,
        0.0026938,
        0.0020888,
        0.0023243,
        0.0023884,
        0.0021025,
        0.0023769
    ],
    "val_mse": [
        0.0276493,
        0.0095625,
        0.0063759,
        0.0067438,
        0.0069568,
        0.0054768,
        0.0043153,
        0.0048993,
        0.0033961,
        0.0037685,
        0.0023666,
        0.0020387,
        0.0019805,
        0.0018826,
        0.0020692,
        0.0020725,
        0.0016442,
        0.0021439,
        0.0020477,
        0.0018707,
        0.0024047,
        0.0019627,
        0.0021096,
        0.0015994,
        0.0014866,
        0.0025571,
        0.0015728,
        0.0020893,
        0.001888,
        0.0023798,
        0.0027912,
        0.0019042,
        0.0020946,
        0.0017251,
        0.0017549,
        0.0021928,
        0.0018518,
        0.0017297,
        0.001971,
        0.0018545,
        0.0021192,
        0.0019962,
        0.0019162,
        0.0020734,
        0.0017219,
        0.001655,
        0.0024065,
        0.0021173,
        0.0021798,
        0.0015197,
        0.0017269,
        0.0013255,
        0.001915,
        0.0020675,
        0.0021312,
        0.0010846,
        0.0015598,
        0.0011677,
        0.0011774,
        0.0015261,
        0.0015223,
        0.0012951,
        0.0016539,
        0.0010549,
        0.0030299,
        0.001115,
        0.0007702,
        0.0004018,
        0.0016038,
        0.0011437,
        0.0009156,
        0.0005918,
        0.000746,
        0.0002094,
        0.0007044,
        0.0006537,
        0.0004006,
        0.0003685,
        0.0007159,
        0.0012224,
        0.0011591,
        0.0006581,
        0.0004228,
        0.0003285,
        0.00057,
        0.0044688,
        0.000545,
        0.000357,
        0.001545,
        0.0015546,
        0.0013355,
        0.0002296,
        0.0001258,
        0.000471,
        0.0005898,
        0.0002522,
        0.0001725,
        0.0002108,
        0.0001537,
        0.0011416
    ],
    "val_mae": [
        0.1470523,
        0.0713229,
        0.0639536,
        0.0720268,
        0.0631101,
        0.0593548,
        0.052571,
        0.0493388,
        0.0395274,
        0.043196,
        0.0373004,
        0.0348622,
        0.0327333,
        0.0349173,
        0.0355348,
        0.036965,
        0.0300335,
        0.0359663,
        0.0329247,
        0.0341865,
        0.0409388,
        0.0340437,
        0.0384075,
        0.0307839,
        0.0304263,
        0.03738,
        0.0318114,
        0.0344549,
        0.0334323,
        0.0356865,
        0.0391963,
        0.0334009,
        0.0355843,
        0.0329332,
        0.0315627,
        0.0355465,
        0.0317722,
        0.0306186,
        0.0358857,
        0.0352162,
        0.0363483,
        0.0327774,
        0.0341368,
        0.034289,
        0.0316598,
        0.0309961,
        0.0382074,
        0.0339609,
        0.0361704,
        0.028277,
        0.0339909,
        0.0270555,
        0.0317641,
        0.0361747,
        0.0375411,
        0.0257917,
        0.0299453,
        0.0280103,
        0.0246965,
        0.0286763,
        0.0311022,
        0.0264781,
        0.0322274,
        0.0245237,
        0.0438291,
        0.0262157,
        0.0229299,
        0.015179,
        0.0329169,
        0.0279588,
        0.020665,
        0.0196205,
        0.0209856,
        0.0112811,
        0.020262,
        0.0176607,
        0.016674,
        0.0140838,
        0.0228912,
        0.0278653,
        0.0301381,
        0.019988,
        0.0152968,
        0.0142924,
        0.0183211,
        0.0595019,
        0.0206166,
        0.0145357,
        0.0283981,
        0.0319396,
        0.0283864,
        0.0117656,
        0.0094001,
        0.0174176,
        0.0184285,
        0.0135874,
        0.0110379,
        0.011535,
        0.0102346,
        0.0245734
    ]
}