{
    "hidden_dim": 64,
    "window_size": 30,
    "learning_rate": 0.001,
    "score": 0.0048258,
    "train_mse": 0.0025838,
    "val_mse": 0.0001258,
    "val_mae": 0.0094001
}