{
    "train_mse": [
        0.0392407,
        0.0344558,
        0.0323927,
        0.0293926,
        0.0175445,
        0.0120594,
        0.0110818,
        0.0105798,
        0.0099237,
        0.0098113,
        0.0087182,
        0.0081848,
        0.0070683,
        0.0062798,
        0.0059993,
        0.0046807,
        0.0043133,
        0.0035712,
        0.0040937,
        0.0051909,
        0.0035086,
        0.0035348,
        0.0033723,
        0.00353,
        0.0034297,
        0.0042525,
        0.0041065,
        0.0031064,
        0.0030434,
        0.0029078,
        0.0030744,
        0.003405,
        0.0029159,
        0.0031198,
        0.002695,
        0.0025756,
        0.0028029,
        0.0027246,
        0.0024332,
        0.0032652,
        0.002722,
        0.0028547,
        0.0021933,
        0.0021548,
        0.0022913,
        0.0023809,
        0.0020682,
        0.0019588,
        0.0024244,
        0.0021466,
        0.0020613,
        0.0017717,
        0.0017869,
        0.0019467,
        0.0020687,
        0.0024101,
        0.0022707,
        0.001904,
        0.0016054,
        0.0021211,
        0.0019325,
        0.0018071,
        0.0021788,
        0.0021403,
        0.0024247,
        0.0019224,
        0.0016852,
        0.0017091,
        0.0017062,
        0.0015413,
        0.0016938,
        0.0017732,
        0.0024997,
        0.0014813,
        0.0013405,
        0.0016143,
        0.0025139,
        0.0021504,
        0.0019905,
        0.0017743,
        0.0016745,
        0.0020431,
        0.0016978,
        0.0017632,
        0.0015384,
        0.0014501,
        0.0016045,
        0.0016616,
        0.0016046,
        0.0019117,
        0.0013534,
        0.0011718,
        0.0014526,
        0.0014808,
        0.001489,
        0.0017277,
        0.0014471,
        0.0015988,
        0.001469,
        0.0014907
    ],
    "val_mse": [
        0.0315562,
        0.0292206,
        0.0274613,
        0.022477,
        0.0071466,
        0.0052406,
        0.0057098,
        0.004537,
        0.0039195,
        0.0042391,
        0.0030404,
        0.0024679,
        0.001731,
        0.0030238,
        0.0019466,
        0.0019016,
        0.0008756,
        0.0006839,
        0.0010647,
        0.0004501,
        0.0008898,
        0.001059,
        0.0004828,
        0.0005141,
        0.0021032,
        0.0011242,
        0.0007788,
        0.0007438,
        0.0006235,
        0.0014773,
        0.0012005,
        0.0013044,
        0.0010978,
        0.0004738,
        0.0004677,
        0.0007786,
        0.0005143,
        0.0003133,
        0.0007408,
        0.0019254,
        0.0010008,
        0.0003715,
        0.0003045,
        0.0003351,
        0.0004214,
        0.0001718,
        0.0002473,
        0.0002548,
        0.0001404,
        0.0007451,
        0.0003184,
        0.0002532,
        0.0004601,
        0.0007018,
        0.0006097,
        0.0003017,
        0.0007426,
        0.000213,
        0.0003484,
        0.0004277,
        0.0004541,
        0.000341,
        0.00051,
        0.000403,
        0.0005705,
        0.0001148,
        0.000321,
        0.0001162,
        0.0001937,
        0.0002139,
        0.000183,
        0.0007981,
        0.0003317,
        0.0001069,
        9.5e-05,
        0.00093,
        0.0008767,
        0.0007322,
        0.0003249,
        0.0002655,
        0.0004961,
        0.0001797,
        0.0002354,
        0.0003738,
        0.0002981,
        0.0001361,
        0.0003011,
        0.000292,
        8.6e-05,
        9.32e-05,
        0.0001294,
        0.0003023,
        9.34e-05,
        0.0003019,
        0.0004395,
        0.0001114,
        0.0002996,
        3.86e-05,
        0.0002793,
        0.0004436
    ],
    "val_mae": [
        0.1585134,
        0.1469843,
        0.1453818,
        0.1338626,
        0.065332,
        0.0555067,
        0.0577163,
        0.0520894,
        0.0515563,
        0.0502624,
        0.0457887,
        0.0404195,
        0.0347142,
        0.0362852,
        0.0269352,
        0.0343397,
        0.0235258,
        0.0182372,
        0.0251783,
        0.0169247,
        0.0210718,
        0.0225363,
        0.0175324,
        0.0172474,
        0.0355494,
        0.0258691,
        0.0213665,
        0.0196671,
        0.0194378,
        0.0326243,
        0.0273205,
        0.0319157,
        0.0276377,
        0.017511,
        0.0156576,
        0.0192711,
        0.0177836,
        0.0143471,
        0.0223535,
        0.0323445,
        0.025998,
        0.0144743,
        0.0138549,
        0.0137238,
        0.016975,
        0.0094459,
        0.0133712,
        0.01291,
        0.0085211,
        0.0221289,
        0.0145393,
        0.0126173,
        0.0182304,
        0.0221142,
        0.0185431,
        0.0132374,
        0.0236237,
        0.0119057,
        0.0151263,
        0.0167823,
        0.0159155,
        0.0156544,
        0.0174353,
        0.0176715,
        0.0175085,
        0.0085781,
        0.0146044,
        0.0081063,
        0.010136,
        0.0129613,
        0.0115883,
        0.0169576,
        0.0126242,
        0.0086513,
        0.0066968,
        0.0196003,
        0.0247388,
        0.0222939,
        0.0149841,
        0.0126985,
        0.01762,
        0.0103004,
        0.0120656,
        0.0168133,
        0.0135093,
        0.0079776,
        0.0122184,
        0.011641,
        0.00696,
        0.0077119,
        0.0089592,
        0.0135813,
        0.0080844,
        0.0145429,
        0.0156021,
        0.008361,
        0.014928,
        0.0051769,
        0.0127577,
        0.0190549
    ]
}