{
    "hidden_dim": 64,
    "window_size": 20,
    "learning_rate": 0.001,
    "score": 0.0026271,
    "train_mse": 0.0015988,
    "val_mse": 3.86e-05,
    "val_mae": 0.0051769
}